-- phpMyAdmin SQL Dump
-- version 5.2.0
-- https://www.phpmyadmin.net/
--
-- Host: 127.0.0.1
-- Generation Time: Nov 27, 2024 at 04:58 PM
-- Server version: 10.4.24-MariaDB
-- PHP Version: 8.1.6

SET SQL_MODE = "NO_AUTO_VALUE_ON_ZERO";
START TRANSACTION;
SET time_zone = "+00:00";


/*!40101 SET @OLD_CHARACTER_SET_CLIENT=@@CHARACTER_SET_CLIENT */;
/*!40101 SET @OLD_CHARACTER_SET_RESULTS=@@CHARACTER_SET_RESULTS */;
/*!40101 SET @OLD_COLLATION_CONNECTION=@@COLLATION_CONNECTION */;
/*!40101 SET NAMES utf8mb4 */;

--
-- Database: `dbdental`
--

-- --------------------------------------------------------

--
-- Table structure for table `bookings`
--

CREATE TABLE `bookings` (
  `booking_id` int(11) NOT NULL,
  `name` varchar(255) DEFAULT NULL,
  `email` varchar(255) DEFAULT NULL,
  `contact` varchar(20) DEFAULT NULL,
  `gender` varchar(10) DEFAULT NULL,
  `service` varchar(255) DEFAULT NULL,
  `preferredDateTime` datetime DEFAULT NULL,
  `doctor_id` int(11) DEFAULT NULL,
  `birthdate` varchar(10) DEFAULT NULL,
  `patientid` int(200) NOT NULL
) ENGINE=InnoDB DEFAULT CHARSET=utf8mb4;

--
-- Dumping data for table `bookings`
--

INSERT INTO `bookings` (`booking_id`, `name`, `email`, `contact`, `gender`, `service`, `preferredDateTime`, `doctor_id`, `birthdate`, `patientid`) VALUES
(85, 'elijah', 'elijah@gmail.com', '11221', 'male', 'Cleaning', '2024-11-27 00:00:00', 1, NULL, 0),
(88, 'b', NULL, NULL, NULL, NULL, '2024-11-27 00:00:00', 1, NULL, 0),
(91, 'e', NULL, NULL, NULL, NULL, '2024-11-27 00:00:00', 1, NULL, 0),
(92, 'f', NULL, NULL, NULL, NULL, '2024-11-27 00:00:00', 1, NULL, 0),
(93, 'g', NULL, NULL, NULL, NULL, '2024-11-27 00:00:00', 1, NULL, 0),
(94, 'h', NULL, NULL, NULL, NULL, '2024-11-27 00:00:00', 1, NULL, 0),
(95, 'i', NULL, NULL, NULL, NULL, '2024-11-27 00:00:00', 3, NULL, 0),
(96, 'j', NULL, NULL, NULL, NULL, '2024-11-27 00:00:00', 3, NULL, 0),
(97, 'k', NULL, NULL, NULL, NULL, '2024-11-27 00:00:00', 1, NULL, 0),
(98, 'l', NULL, NULL, NULL, NULL, '2024-11-27 00:00:00', 1, NULL, 0),
(99, 'm', NULL, NULL, NULL, NULL, '2024-11-27 00:00:00', 1, NULL, 0),
(100, 'n', NULL, NULL, NULL, NULL, '2024-11-27 00:00:00', 1, NULL, 0),
(101, 'a', NULL, NULL, NULL, NULL, '2024-11-27 00:00:00', 1, NULL, 0),
(102, 'a', NULL, NULL, NULL, NULL, '2024-11-27 00:00:00', 1, NULL, 0),
(103, 'a', NULL, NULL, NULL, NULL, '2024-11-27 00:00:00', 1, NULL, 0),
(104, 'a', NULL, NULL, NULL, NULL, '2024-11-27 00:00:00', 1, NULL, 0),
(105, 'a', NULL, NULL, NULL, NULL, '2024-11-27 00:00:00', 1, NULL, 0),
(106, 'a', NULL, NULL, NULL, NULL, '2024-11-27 00:00:00', 1, NULL, 0),
(107, 'a', NULL, NULL, NULL, NULL, '2024-11-27 00:00:00', 1, NULL, 0);

-- --------------------------------------------------------

--
-- Table structure for table `diagnosis`
--

CREATE TABLE `diagnosis` (
  `diagnosis_id` int(11) NOT NULL,
  `diagnosisName` varchar(200) NOT NULL,
  `diagnosisDate` varchar(200) NOT NULL,
  `patientid` int(200) NOT NULL
) ENGINE=InnoDB DEFAULT CHARSET=utf8mb4;

--
-- Dumping data for table `diagnosis`
--

INSERT INTO `diagnosis` (`diagnosis_id`, `diagnosisName`, `diagnosisDate`, `patientid`) VALUES
(1, 'y1234', '2024-11-26', 1),
(21, 'sd', '2024-11-26', 1),
(22, 'asdasd', '2024-11-26', 1),
(23, 'qwery', '2024-11-14', 1),
(24, 'g', '2024-11-29', 1),
(25, 'ghgh', '2024-11-21', 1),
(26, 'ghgh', '2024-11-29', 1),
(27, 'fghfghh', '2024-11-26', 1),
(28, 'gfh', '2024-11-13', 1),
(29, 'fghfgh', '2024-11-22', 1),
(30, 'fghfgh', '2024-11-26', 1),
(31, 'asdasd', '2024-11-19', 1),
(32, 'asd', '2024-11-26', 1),
(33, 'echo', '2024-11-26', 1),
(34, 'asdasd', '2024-11-27', 3),
(35, 'asdasd', '2024-11-12', 3);

-- --------------------------------------------------------

--
-- Table structure for table `doctors`
--

CREATE TABLE `doctors` (
  `doctor_id` int(11) NOT NULL,
  `doctor_name` varchar(255) DEFAULT NULL,
  `firstName` varchar(30) NOT NULL,
  `middleName` varchar(30) NOT NULL,
  `lastName` varchar(30) NOT NULL,
  `sex` varchar(10) NOT NULL,
  `contactNumber` varchar(11) NOT NULL,
  `Expertise` varchar(50) NOT NULL,
  `email` varchar(30) NOT NULL,
  `birthdate` varchar(30) NOT NULL,
  `address` varchar(70) NOT NULL
) ENGINE=InnoDB DEFAULT CHARSET=utf8mb4;

--
-- Dumping data for table `doctors`
--

INSERT INTO `doctors` (`doctor_id`, `doctor_name`, `firstName`, `middleName`, `lastName`, `sex`, `contactNumber`, `Expertise`, `email`, `birthdate`, `address`) VALUES
(1, '', 'asdasd', 'asdasd', 'asd', 'Female			', '09123123123', 'Orthodontics', 'kasd@gmail.com', '1985-08-21', 'anywhere'),
(3, 'Dr. Johnson', 'Alice', 'B', 'Johnson', 'Female	', '09231231231', 'Pediatrics', 'dr.johnson@example.com', '1985-08-22', '456 Oak Ave'),
(18, NULL, 'asdf', 'asdf', 'feeeeee', 'Male', '9231231', 'General Dentistry', 'qwerqwer@gmail.com', '2006-02-05', 'DAHLIA');

-- --------------------------------------------------------

--
-- Table structure for table `doctor_availability`
--

CREATE TABLE `doctor_availability` (
  `availability_id` int(11) NOT NULL,
  `doctor_id` int(11) DEFAULT NULL,
  `day_of_week` varchar(20) DEFAULT NULL,
  `start_time` time DEFAULT NULL,
  `end_time` time DEFAULT NULL
) ENGINE=InnoDB DEFAULT CHARSET=utf8mb4;

--
-- Dumping data for table `doctor_availability`
--

INSERT INTO `doctor_availability` (`availability_id`, `doctor_id`, `day_of_week`, `start_time`, `end_time`) VALUES
(1, 1, 'Monday', '09:00:00', '12:00:00');

-- --------------------------------------------------------

--
-- Table structure for table `login`
--

CREATE TABLE `login` (
  `id` int(50) NOT NULL,
  `username` varchar(500) NOT NULL,
  `password` varchar(500) NOT NULL,
  `image` longblob NOT NULL
) ENGINE=InnoDB DEFAULT CHARSET=utf8mb4;

--
-- Dumping data for table `login`
--

INSERT INTO `login` (`id`, `username`, `password`, `image`) VALUES
(1, 'qwerty@gmail.com', '123', ''),
(2, '', '', 0x89504e470d0a1a0a0000000d49484452000000410000004108060000008ef7c945000000097048597300000b1300000b1301009a9c180000054649444154789ced5ae96f1b45149f3f0aca254020402af721240af40b6d3904058138faa104be80a80089d28ab6699ba4344769889ae6682e7a90a424b4256992b634b113c789af383e62c789e3d8de87de44469ed98db359cf66c66d7ed2d37abd3b6fdffef6cdcc9bf786c026806c72b04902055939dcdd20b20d500144b6012a80c836400510d906a80022db001540641b70d791a001c0ade0121cbe1a862fcf07e09d260f6cab9fa2473c3f72354cafe37d771c09c9b40695031178faa40bee39ec58539ea97641d5600496d2da9d4142bb230e5b4dbe3c2f485a9773be7449d000a87b5b79795e7ee89d85ac5662246435802f3afd862ff4e051277cd8ea85dae1285c7225e01fdf225c7425e8f9ee562fbd6ed46e4f97df3622881d4a0ffe1dd2bdc403e54efa4523c94cc1b678fdfbde20dc5fae27e3d09570699070c995807b39e39f3a31014381e4baf45cf72769bb7c3da8b77b32a13609e9ac062fd54d32863f5935019ed8b2257dd3b16578a28a25e295536ec808ee1744a4b2fa9b738cc15b8e3860c0b75894ce6bde45aa275f6fc3cd39509684377e9f628cfdfae28c10bd6517028cdeed0d53a02409be789a190bf0b7d56e60d42d78dd81f93428474203d715447fad37392f3b732ba61e0907fad969717f5f0844e2a7be59463f4ec3ca9150c6f5db53236207afbae1283bde5c08a847c2c76d3ec6c896d1388844f3689cd18fcf538e84bd7fb09e70f27a1444e2c46084d1bff7bc829eb0bf8f1d13beeb0e82487cdb1d64f4ffdcafe098d0ee60ddf5b91a97d015e9b3d5ec72bcc331af1e09e1c58c2eb22b365acc01f5f091283e4fc988f1dd260f63eccec669217adf3a33cde87dafd9032241442ac3151ebffcad1b296e80ac1962a746941e77425d123400d8d1c87eb5fbca9d74796d05986ce1bb187a97a67a3ec1194ee9b243f82238c5995d01e37d9868e50978e898132622a9d2c82cb570814d4eb6d5bba9572cafc206fe8fd75f3bed366c7f6e4c6c00667ba2b56628aacb30e5e4d18a71f8a4dd47d36d47af85e9112340fcdfe87ed483617349a6dcdbc6e2f0f031e317332bd8becd618f076c0809fdd30bf0ea6fc6ae6d56b03dea293912c64229d875968d198a95b7cf7ac011163f28da3245d60e4757ad1de464ebaf2e1af0ece9f4c3377fced0239ee3ff85daa15e8c3b949d2253190d3eed6097d3bc3c5eb976e619afe37d85f47cdee95f758691464232adc1072d5e536e7dfa46e1640b7e69337ab05a25aa604b8a55801fe47d03021eab18a72b4b8cf0f8c0a9f1df98cea5f11cf3867c8084630bce0ea8cf8808110e418a557090cb2de60a24bef88adb8fcc2469e8ccdf83e979dca7d0743b468fafd7b38954146c776366a572e58d2fc3cb5c6107e5972b21b924f4b8f52537dc7411e5ea8dd5068b203382832c5fa7c4a833ff1e7cfee5a9053924a4321a3c5fc37e19dc87104c18d7039008ded55713f4009e801cb0dec0cf222fd64e527b369c848a0136e7872f38e82f5c74c5aec1e70678c13124d7050a255978427181b6a12424d39a6ea0c272ba598c8696a0723042f729e19a01d3f5b86a1c0b2d99d6b1af87cd39e2b46a75b620561a35df8ee9e2fbb5f61d88c65c32038f1c1f17b2ca24561af1d31e568764e0c7cbb3bae974434888a7b2bafe88891419c06ec58f4bf3a9acfd24f4ba179807e3dc2d13fca690bf2c4c9764bd0d70df901d7b10ace22bae068a8197ed2494710f2d369b2cba508ba4d84ec2ee56769dd0356eff66cb42c0cd9ef9f67c74ce6b3f099f75f8e185dac9ff455495c92af0f9f9f6a07deb05b1c5b21203916d800a20b20d500144b6012a80c836400510d906a80022db001540641ba002886c035400916d800af80f6e7dce597995f2730000000049454e44ae426082),
(3, 'asd@gmail.com', '09232', 0x5b76616c75652d345d),
(4, '', '', 0x89504e470d0a1a0a0000000d494844520000001b0000001b08060000008dd4f455000000097048597300000b1300000b1301009a9c18000000017352474200aece1ce90000000467414d410000b18f0bfc61050000037a494441547801dd56c94f136114ff4df7760a2d85b0a828286e8081444020018c1b07634412f13f20c4684cd470f1eac510130f6af4e4819b261a373613a20717d40412a265c710a50885422965bafbbe198a4c1714881cfc5dbe99f996df7bdf7beff7862bba3718c22641814dc4a692a9569b34a8391466e891c6abe00f86607305609d14b0e00b2259afc481341d4c3472148809971f5fa704383dc1b59169941c6a734d6828b280d7c89d17fc21747d77a3328b0717b1cf1308e14ed7341e5be7e0f147a7021799208ca8a93a1de5993ce6c8cad601278666bc5011e70eb31627f72420512b19f0d4ea84d52e90d7c02e8b66694e89f7636e5cedb0c11b08adeed999fd892251ef4f0157da6d702c0664f3f73f4de37c890575f9666c37ab71eb831d2eaf74750fba1db8599d81b2ed069cde9788475fe6647b657764a42bbb7028058b646ae3ab68220616afa6b77634f738909da4412affdb5eb6beb16342bcea86620b742a2e3e595eaa4e5cd03ae8827d219a68256e7f9c41ddc3318c38bcb2ef76b79ff63bc5eb2c4cd7c727cb4890acecb77bf0270443a1989e33f4d9bdb2f3629285c319daa0a684f70723ce9191093e6996d770d808c2fbe7bd81f8643f9c3e71cc34a9b111649935e23849851e976c68c603377957b5838756b93eef589d1ea6826745cdea332e194bd9162ae264830a477719b11e5490a1269d122d949142848a4409f1f3fe7931d36aa82823c17cada1a2bf713c5d1cb918ce9fcb378109c7135297484429c8e0b4070394ba055423acc8c3eac0509565c4b5ca54e9399b875308a273d4b53ccfd617a4eb304ce1b04e45974f94673ecad75e52760559bd37592b9bab23ab19aebf998492dc3a9b27f73e87f45141df7b2604c442cc7e36e290acda99ac59fec632740f918f92623ceb77626ac18fddf49e442d66e51a71ff8ce7efc97a27a4c52be52637454b8157e0f3b85b2cdaf661979808a55b0dcb6b8ab748cfddb63578d64f711b9bf5a16c9b01694629ac277212c4b16d508ad16b8a15233db694b516f2f0c84e23c6e6bc188ed0cb30e276eab6e179d41fb4e052690a05dc8b0aaa1d26ba7d4bbac912e01b1dcc9a683d35d96c2a642d89f80bcae678e0e2fd5da9a9389b6b33c5a6c8303eefc3e5369b481c468e458bbba7b6204927c58d1972f1e5386685c0dac81878b50225dbf4d0d3f88eba6fac43cc44544ecd92fda3748e2c88e39a3dfb17f87fff1b7f015d5361b25e9f95130000000049454e44ae426082),
(5, '', '', 0x89504e470d0a1a0a0000000d49484452000000140000001408060000008d891d0d000000097048597300000b1300000b1301009a9c18000000017352474200aece1ce90000000467414d410000b18f0bfc610500000165494441547801ed94b14ec24018c7ff488554a8128b262d7170c14517c5689c7800dcf501481c9c7c008d2fc04c7c01194d6455e3a28b2c6a34d6c498a8106235d5a2a4a4417b35ad2d95b60223bfe4dabbeb7dfffbdfd7cb1748e56fbfa09164c360420330c8a646f5b1dc68c20a992bd75414ce2573ee536de2fa59d1fb14792c246864e7593c480d7311cf0c62fba88a52a56e139ce3696ca5c7919962ccb9899110762f241cdcd57e04c72214f6aede509155db423f146f64700c059a0afc3a34201fc8118fef3f100d07b1b114771e39ac1d59dbb828c8ba5b1263856add51101594ca75bd79c1451de14ec176ac4cc7909e8c98e3b5fda73fd7b90ae697136660e152d29b17949b18b94ae49d3b1131cbd1dd3924015687c28bd29d4342ee5434fb3dc921f9e3063dc9a11b1de5b013fa0ebd03bc7008aecec4b412360c3ff05aa5d9397b6d2f484a1269ff259364ec828fef2ad61759dfce5a890f05b17958d5fbdfc817895f150f5c780000000049454e44ae426082),
(6, '', '', 0x89504e470d0a1a0a0000000d49484452000000140000001408060000008d891d0d000000097048597300000b1300000b1301009a9c18000000017352474200aece1ce90000000467414d410000b18f0bfc61050000013f494441547801cd943f4fc24018877f27065bc38068108d241a1dd58130c82c7e001d5d5cddd4d1d90157275df50b18671d9c5063ecc46234c604230da40921044a8194eb15d236fcbb9286f02497e6bd6b9fbeb9f7de23f19b2f1d1e32058f991eb4185b12e9101c7392ac42faaf0e171e6e07b11916406c8b1bf37eac06fd8e0fbe150dbf45cd31f79aade0e1b36409b716059c2516c083f11363d849ae07902d699072aa290c07cc44cf1f653cfd94e1865d2abb4c4610124d07575112d1d9aebdec0797f0381ec2c90edf968cefd8c496459cb6b35a9b338aa0e3ee20cae2eb77052fb4b2ae84828fd023646f222bd61abafb0cd33483743b8bdbfd15f63cbaffc330c6db7a1daede14ccf808cfab7cc241bddb5358ac345990da8b2085d190cb754bf891abe2e239cf3ac22d3a2d78a6a02293afb1984cfc05ebb9b0058f8c55abeb6044820000000049454e44ae426082),
(7, '', '', 0x89504e470d0a1a0a0000000d49484452000000140000001408060000008d891d0d000000097048597300000b1300000b1301009a9c18000000017352474200aece1ce90000000467414d410000b18f0bfc61050000013f494441547801cd943f4fc24018877f27065bc38068108d241a1dd58130c82c7e001d5d5cddd4d1d90157275df50b18671d9c5063ecc46234c604230da40921044a8194eb15d236fcbb9286f02497e6bd6b9fbeb9f7de23f19b2f1d1e32058f991eb4185b12e9101c7392ac42faaf0e171e6e07b11916406c8b1bf37eac06fd8e0fbe150dbf45cd31f79aade0e1b36409b716059c2516c083f11363d849ae07902d699072aa290c07cc44cf1f653cfd94e1865d2abb4c4610124d07575112d1d9aebdec0797f0381ec2c90edf968cefd8c496459cb6b35a9b338aa0e3ee20cae2eb77052fb4b2ae84828fd023646f222bd61abafb0cd33483743b8bdbfd15f63cbaffc330c6db7a1daede14ccf808cfab7cc241bddb5358ac345990da8b2085d190cb754bf891abe2e239cf3ac22d3a2d78a6a02293afb1984cfc05ebb9b0058f8c55abeb6044820000000049454e44ae426082),
(8, '', '', 0x89504e470d0a1a0a0000000d49484452000000140000001408060000008d891d0d000000097048597300000b1300000b1301009a9c18000000017352474200aece1ce90000000467414d410000b18f0bfc61050000013f494441547801cd943f4fc24018877f27065bc38068108d241a1dd58130c82c7e001d5d5cddd4d1d90157275df50b18671d9c5063ecc46234c604230da40921044a8194eb15d236fcbb9286f02497e6bd6b9fbeb9f7de23f19b2f1d1e32058f991eb4185b12e9101c7392ac42faaf0e171e6e07b11916406c8b1bf37eac06fd8e0fbe150dbf45cd31f79aade0e1b36409b716059c2516c083f11363d849ae07902d699072aa290c07cc44cf1f653cfd94e1865d2abb4c4610124d07575112d1d9aebdec0797f0381ec2c90edf968cefd8c496459cb6b35a9b338aa0e3ee20cae2eb77052fb4b2ae84828fd023646f222bd61abafb0cd33483743b8bdbfd15f63cbaffc330c6db7a1daede14ccf808cfab7cc241bddb5358ac345990da8b2085d190cb754bf891abe2e239cf3ac22d3a2d78a6a02293afb1984cfc05ebb9b0058f8c55abeb6044820000000049454e44ae426082),
(9, '', '', 0x89504e470d0a1a0a0000000d49484452000000140000001408060000008d891d0d000000097048597300000b1300000b1301009a9c18000000017352474200aece1ce90000000467414d410000b18f0bfc61050000016f494441547801b594bf4ac35014c6bfdb245ab045902085828b453a38561c5c2d2e0e3e84e2e4e8a0b8fb002e8af80e0e5d4a2d4e198ab8a9a8ad22a6625a4a07d316639bc69bd8c6a4b94222e907099c90f3bbe7df3d24735c3610a2220859bcd3589c8d2211e31144d58f2eee1b9a179816a338db482242088248a705db3c977153d7dcc0e4346fc1964e2a08a2abed14cd4af0029d5a5f8863656ecab68f4a0d081182adcc0cb8410692dc46ee41f5f83281266c753e66dbc5e7160cca594bc55dffb180a1779909d40df768ea7dffa3ca4cf9f4ba89cb97b66d97de3af44db09b7f07c7fdd4f0aefee91ff845678118dee878da180ccc098ef807ee2c8bc83a9ab25750d0a3e0c36cc2fe96afa83828d63cbecc1ab2cee64622e2feb800e3bdcb4349afbf0d313b5e6e6a565d0b4f2d3b7a49eef807e61e55eb19d5fe8502df11d6d42efa341af36e0691e953a5be4311e7824d8b93744908082245ede1d63193ae94cdbde6dc6dff51e85dfe0698038034a69eed910000000049454e44ae426082),
(10, '', '', 0x89504e470d0a1a0a0000000d49484452000000140000001408060000008d891d0d000000097048597300000b1300000b1301009a9c18000000017352474200aece1ce90000000467414d410000b18f0bfc610500000279494441547801ad54cd6b1371107d9baf3689f93226b16db4054553a182202a145150eb452f39d55ed47f44e8cd83c7a29e8a3d48bcd47aae823d885004291ad26a5b0a5ad0264d93d47cb6c9ae339b643fb26b25d07708bbbfccefed9b9937235c7cbe2ae110613bf04f41c070b80721970d0d4942b65cc74a660f7549ea8e30d06bc5f8881ff1735ef8e9598bad521d6fd78b487cc9234dcf9d103a531e3de9c2a3eb111c75aa44624b918514b79121b2c985341637cb3a428bf6e54ad489c7b7fa14324ef3d9a72cae4d6fe0c6cc06a616b3f21923e4b6e1c9ed3e5980296198025859af4d55f1667917d39f73a8d645146b226696727849a9b6c1b17c27a0298b423831e293bfaa45673a8c54baa67be76cb8de3a429b45c0cdd31ec3e5135e87e1ecf811631fb979b6567d65c258c88188db183871de8721bf4acacff7346ada6027c4c85eb238fe093acded1824ffbd8847b1f4ab82f2be84ab836e5d8db508bbac2aa1d53c4686db6ea14ebaf13f3444a8849972c334a82e4a58ced46403739d83d480b3c77a60375190ad345442be94af3694a9f8b65dc36caa80f9b5224afba2ee22c75c1a70e2fe8500ce049b75fb5de4916c76dfd256f23ab5db22abe2e1dc26e6c8839d640cfef03c8dde038af9bedd2479b7fe47996fc58789641e3b24bbdfe3d075f65f18f2d965dff20826be16947385304f64930b5b727da6eef4638c7c2998348bcfe2c35e3cbd3b0027358cef68978461395c8ef27208cba3b89addc3871f25ac656b725358f9e8a04baedd4e8596c3fb343efed44f9360b660996c9c4671ec9407918ec9285026b354df57c91c7215638d85833636ab8a914d82645a764a9aecb542b3dcf5826d83bb9f4c57d10dfe0262f2f2baf8fc7ef60000000049454e44ae426082),
(11, '', '', 0x89504e470d0a1a0a0000000d4948445200000042000000420806000000e35400e8000000097048597300000b1300000b1301009a9c18000000017352474200aece1ce90000000467414d410000b18f0bfc610500000892494441547801ed5b574f1c5718fda6c05296ce02c618db218912db24b1d364a7584a97a21429f94df92d794a22c50f294ae2873439c54eb32de382c1181bd3fbb25372ce9d599859769661d9052ccd91d66697d9997bcffdda3ddf45fbe442d69504a24b028584081f09113e12227c2444f84888f0614a19a8d13d066d245e2b46f235355c8f97836b6dbc77f761c2de16110626d3dfa4e1a54b6b4a642e2b3234e7c8f892ab2659085c2e1df5228f34ebd2d3a8c92a58b8b3e0cab559472c47f6156213c1157db6cb90d3bd86d41b9824de73ee83195d7ebe6bcbc507ce2632fa40da3b874de9acd7d63f1bec10393a6dcbf931479672fbc7346211d152abc95398f0c92e5d1a02dfe0f4d2359abcd26bc22a727277696362749fd70e192112885a9078a2d363f2d77bb6ccac16b7a6dd464922b8ea87b1aa2fc30a7a1a7535b962a8c55d0ec15dee2ed9eb9f75d669d29ed28a5e4feb3adeae4b57832657a76cb970df51f1662f5192881318ec9bfda6a4b6b01bc60e5a8a72177f42f5b0144dd3a2bf03527b40440fbea8e9b6fc0eeb58dbc3b811993e5bb19acf751b5b924070f2f36b6e281b2ce2bd15333d9cecd465a04593bd4424118fb56aca74f3c8dadeab18a6e0e7d767c3937eb0e2caedb9e24bcc8c910df84233487f3a63c85e2292883ef8bceef3c0215f9cb0e5dcad9ccc643d7f76fd1a6262d991af6fdb32b7162682ef7eb863cb4d906105ae5fc53fe7f1f9772361561963f6b2ba8b34fc0673c31ab882cc08d7665c4cdc96436947d2c8240b487fc398e862aef83de6d7443ebb6ec911d4110c9e59a407dee71e5e8d350503d1bda0bb6ac99e209288609ce36ae653dc2c749cd96d683939903884026aa8e0f3a8026caf90ec357c2444f84888f09110e12321c24742848f84081f09113e12227c2444f8284bbcdd6bb0144f410449f97b936c05549d878a886ec8024fb66b72bcc390266cfa48082998c696ff1f285d57b1299ccb9627fd3d1444500e3805bdf4856e539a6bc31b424f29d7e4ec4113c2b0b7c5e7266fbb5cecfb185107bde68d7e0342b0292da9300941f07312f2c1802967fba2f5d528ec7b221e6fd3b1d286d245e380bac6331913eadaf6a616cf35b4e895281771eed78c38f03c74d3da808a4725ec0fa8ded761fefcb905ae32d86962f29ad4fb62523d6675f6a0215fdc706439a6d0138b3643c9fa3a22b55404f4f9475bb67e746f5a5322721ecc0e6c265d80e24d9d94cad9d4aac88f63163e0f3798327093de747cab88bc321b686a9288e7ba75f9f85153daeb77a62451a27badcf90b70f878d91932a8cf6479ab5756be0affe9e74e4f2f4e640c8a15e7c60cb8d8058dc80e7f483483de6602389b8841b2f15747829e87ef888a9fcb61c7440b77cf788a9da0466e01636b440b60cd70a54f2a69a8d5990a4fbd03ad72294740e955a6870c48df87eecd812f58b21c8f3ee2d4b3578f2e64976bb11843e1cd0e53fe4ed8b13106297b7ee52d14c9f68d3e4851efa7b7864d434bf1bb5e5dfc9cd2b9d0a08c8b613dd4e20da52a21ad3ea26fed7320d225d78b66a524b69940c96c3f3ae7c356cc95b30e3f6ba8d41919041f42ffb9b5c195fd6e52acc95b27d70a0bce6204cf318ace7682bbae72c800a566705cbc876df5f451ac8c51075c951b8d01bfdde1883cfe0a2bd37a0c96f88297fe319a57ace2589a0dfde02199f5ecbc95b78d05104b8e082b6c052f87a0293e5b594f7d9b760f94bb38c0aaecacc9741f26d4b99f34ec0630aefc35d1b6a8afb401bc6f7261652135bfe446f26ca3262a54f9e83380737196835e4cc013677f54dab4b9fe7432515ed94742106e14b70833f271c5958db1909ecbdb0e31e2481cfa01bb1a0ca8f91ffd12dc7e1c6638bc59f19bbc45e413efe77d2969179cf2d8ea1414c538c1395f968367bd80c22018c2b95403f5c2253bf117579d72b7053ba744fa3c02d0d953d0856a58771fd8e89c88313fa75dc96cb538e3a05c31e298f0ca40b5c81519c8d60e67b12701383e359884ab6ffd93d0b669f917947be1db1d48ef4ca34ad4fe4f401637db1ba1569c517a1ac4d172733835d1e5f7ca081b6fe1998de4bbdc6ba398e2e38f2e54d4b96725215f03185fb092e92e5076cc62c8e8fd3ce5f962a914b2bb2d7a04faedae11c9eb3bd57b5c0672d5be1a308cc5274d71a3f5eb1e71ac8c0e8d1469be34329cce431bae0aab2bbce9f2d0bb68f1e3355462211998670237b783e3a363dd4444c409061e177a263a37e60f1d75a24734d801c960251a8d836bcf0112a40ed70c7ba5579cc553e7fc79261c4a3528773a611a4bf876053ea145fc588603c083e86e6aaef9088c68083bbea199b27c2b319e76edaea200b63068b355e953f94c2edfae7d72d15bc4ba162aeb1647941d3f05328ebfe1ad8ebeab645330f3c9c96aedd78cf8dd96284b6c020f8cda877d6935b6fea116bb697baef2cbab10eb7568c8849f86b0e83adf5fd81257637ea8c85d9ed13c13b1ceb0897f3cb3929794085aec19831b1525eaaaa986b503d9e5ad91828e770aacb284bcca132f55467f88b34ed6a1e5bae68b064b5199430b82b3c99d99eb2c5b0f00a64b68ec0895d6a101464aa898a8ab754884603b99ac1f2f40153f521cc1881936ad4298836740b3370a28ff99fe9af9aa8681dc112f72768875c4d9a37518727bc7ec850fb923f10d9e7e1422b05418fc1ad0dc5102da12f1d56952641c0f931bba428530954bca01a5d74208288bc084bc8ef05b8317aba539723d00e46165cb51d2619fc3595674e9ee571536dd86c58b65fb86f87624fb55095caf29771cae8969cc1262c1dd00a28e20ce275dcd53d454af3c828566fb0f8a1843734b33b07b4ab420403267507a6bc5761eeed057faaa06b52b2d81a8355d1c56eccedde29f5aaed35b8e0576628c2b8aa6fc99d2009890a9a4c8dac45f8d73d971e384acfdc4d547dd3454de07b98784bca5601938a52a6ce6be973aa2c83275648822377510552bfd85d0a3ceccaee93139bcd7a95e155a972f82f13c989191f09113e12227c2444f84888f0f13fd009751bc656ac960000000049454e44ae426082),
(12, '', '', 0x89504e470d0a1a0a0000000d49484452000000410000004108060000008ef7c945000000097048597300000b1300000b1301009a9c180000054649444154789ced5ae96f1b45149f3f0aca254020402af721240af40b6d3904058138faa104be80a80089d28ab6699ba4344769889ae6682e7a90a424b4256992b634b113c789af383e62c789e3d8de87de44469ed98db359cf66c66d7ed2d37abd3b6fdffef6cdcc9bf786c026806c72b04902055939dcdd20b20d500144b6012a80c836400510d906a80022db001540641b70d791a001c0ade0121cbe1a862fcf07e09d260f6cab9fa2473c3f72354cafe37d771c09c9b40695031178faa40bee39ec58539ea97641d5600496d2da9d4142bb230e5b4dbe3c2f485a9773be7449d000a87b5b79795e7ee89d85ac5662246435802f3afd862ff4e051277cd8ea85dae1285c7225e01fdf225c7425e8f9ee562fbd6ed46e4f97df3622881d4a0ffe1dd2bdc403e54efa4523c94cc1b678fdfbde20dc5fae27e3d09570699070c995807b39e39f3a31014381e4baf45cf72769bb7c3da8b77b32a13609e9ac062fd54d32863f5935019ed8b2257dd3b16578a28a25e295536ec808ee1744a4b2fa9b738cc15b8e3860c0b75894ce6bde45aa275f6fc3cd39509684377e9f628cfdfae28c10bd6517028cdeed0d53a02409be789a190bf0b7d56e60d42d78dd81f93428474203d715447fad37392f3b732ba61e0907fad969717f5f0844e2a7be59463f4ec3ca9150c6f5db53236207afbae1283bde5c08a847c2c76d3ec6c896d1388844f3689cd18fcf538e84bd7fb09e70f27a1444e2c46084d1bff7bc829eb0bf8f1d13beeb0e82487cdb1d64f4ffdcafe098d0ee60ddf5b91a97d015e9b3d5ec72bcc331af1e09e1c58c2eb22b365acc01f5f091283e4fc988f1dd260f63eccec669217adf3a33cde87dafd9032241442ac3151ebffcad1b296e80ac1962a746941e77425d123400d8d1c87eb5fbca9d74796d05986ce1bb187a97a67a3ec1194ee9b243f82238c5995d01e37d9868e50978e898132622a9d2c82cb570814d4eb6d5bba9572cafc206fe8fd75f3bed366c7f6e4c6c00667ba2b56628aacb30e5e4d18a71f8a4dd47d36d47af85e9112340fcdfe87ed483617349a6dcdbc6e2f0f031e317332bd8becd618f076c0809fdd30bf0ea6fc6ae6d56b03dea293912c64229d875968d198a95b7cf7ac011163f28da3245d60e4757ad1de464ebaf2e1af0ece9f4c3377fced0239ee3ff85daa15e8c3b949d2253190d3eed6097d3bc3c5eb976e619afe37d85f47cdee95f758691464232adc1072d5e536e7dfa46e1640b7e69337ab05a25aa604b8a55801fe47d03021eab18a72b4b8cf0f8c0a9f1df98cea5f11cf3867c8084630bce0ea8cf8808110e418a557090cb2de60a24bef88adb8fcc2469e8ccdf83e979dca7d0743b468fafd7b38954146c776366a572e58d2fc3cb5c6107e5972b21b924f4b8f52537dc7411e5ea8dd5068b203382832c5fa7c4a833ff1e7cfee5a9053924a4321a3c5fc37e19dc87104c18d7039008ded55713f4009e801cb0dec0cf222fd64e527b369c848a0136e7872f38e82f5c74c5aec1e70678c13124d7050a255978427181b6a12424d39a6ea0c272ba598c8696a0723042f729e19a01d3f5b86a1c0b2d99d6b1af87cd39e2b46a75b620561a35df8ee9e2fbb5f61d88c65c32038f1c1f17b2ca24561af1d31e568764e0c7cbb3bae974434888a7b2bafe88891419c06ec58f4bf3a9acfd24f4ba179807e3dc2d13fca690bf2c4c9764bd0d70df901d7b10ace22bae068a8197ed2494710f2d369b2cba508ba4d84ec2ee56769dd0356eff66cb42c0cd9ef9f67c74ce6b3f099f75f8e185dac9ff455495c92af0f9f9f6a07deb05b1c5b21203916d800a20b20d500144b6012a80c836400510d906a80022db001540641ba002886c035400916d800af80f6e7dce597995f2730000000049454e44ae426082),
(13, '', '', 0x89504e470d0a1a0a0000000d49484452000000140000001408060000008d891d0d000000097048597300000b1300000b1301009a9c18000000017352474200aece1ce90000000467414d410000b18f0bfc610500000165494441547801ed94b14ec24018c7ff488554a8128b262d7170c14517c5689c7800dcf501481c9c7c008d2fc04c7c01194d6455e3a28b2c6a34d6c498a8106235d5a2a4a4417b35ad2d95b60223bfe4dabbeb7dfffbdfd7cb1748e56fbfa09164c360420330c8a646f5b1dc68c20a992bd75414ce2573ee536de2fa59d1fb14792c246864e7593c480d7311cf0c62fba88a52a56e139ce3696ca5c7919962ccb9899110762f241cdcd57e04c72214f6aede509155db423f146f64700c059a0afc3a34201fc8118fef3f100d07b1b114771e39ac1d59dbb828c8ba5b1263856add51101594ca75bd79c1451de14ec176ac4cc7909e8c98e3b5fda73fd7b90ae697136660e152d29b17949b18b94ae49d3b1131cbd1dd3924015687c28bd29d4342ee5434fb3dc921f9e3063dc9a11b1de5b013fa0ebd03bc7008aecec4b412360c3ff05aa5d9397b6d2f484a1269ff259364ec828fef2ad61759dfce5a890f05b17958d5fbdfc817895f150f5c780000000049454e44ae426082),
(14, '', '', 0x89504e470d0a1a0a0000000d49484452000000140000001408060000008d891d0d000000097048597300000b1300000b1301009a9c18000000017352474200aece1ce90000000467414d410000b18f0bfc61050000016f494441547801b594bf4ac35014c6bfdb245ab045902085828b453a38561c5c2d2e0e3e84e2e4e8a0b8fb002e8af80e0e5d4a2d4e198ab8a9a8ad22a6625a4a07d316639bc69bd8c6a4b94222e907099c90f3bbe7df3d24735c3610a2220859bcd3589c8d2211e31144d58f2eee1b9a179816a338db482242088248a705db3c977153d7dcc0e4346fc1964e2a08a2abed14cd4af0029d5a5f8863656ecab68f4a0d081182adcc0cb8410692dc46ee41f5f83281266c753e66dbc5e7160cca594bc55dffb180a1779909d40df768ea7dffa3ca4cf9f4ba89cb97b66d97de3af44db09b7f07c7fdd4f0aefee91ff845678118dee878da180ccc098ef807ee2c8bc83a9ab25750d0a3e0c36cc2fe96afa83828d63cbecc1ab2cee64622e2feb800e3bdcb4349afbf0d313b5e6e6a565d0b4f2d3b7a49eef807e61e55eb19d5fe8502df11d6d42efa341af36e0691e953a5be4311e7824d8b93744908082245ede1d63193ae94cdbde6dc6dff51e85dfe0698038034a69eed910000000049454e44ae426082),
(15, '', '', 0x89504e470d0a1a0a0000000d4948445200000042000000420806000000e35400e8000000097048597300000b1300000b1301009a9c18000000017352474200aece1ce90000000467414d410000b18f0bfc610500000892494441547801ed5b574f1c5718fda6c05296ce02c618db218912db24b1d364a7584a97a21429f94df92d794a22c50f294ae2873439c54eb32de382c1181bd3fbb25372ce9d599859769661d9052ccd91d66697d9997bcffdda3ddf45fbe442d69504a24b028584081f09113e12227c2444f84888f0614a19a8d13d066d245e2b46f235355c8f97836b6dbc77f761c2de16110626d3dfa4e1a54b6b4a642e2b3234e7c8f892ab2659085c2e1df5228f34ebd2d3a8c92a58b8b3e0cab559472c47f6156213c1157db6cb90d3bd86d41b9824de73ee83195d7ebe6bcbc507ce2632fa40da3b874de9acd7d63f1bec10393a6dcbf931479672fbc7346211d152abc95398f0c92e5d1a02dfe0f4d2359abcd26bc22a727277696362749fd70e192112885a9078a2d363f2d77bb6ccac16b7a6dd464922b8ea87b1aa2fc30a7a1a7535b962a8c55d0ec15dee2ed9eb9f75d669d29ed28a5e4feb3adeae4b57832657a76cb970df51f1662f5192881318ec9bfda6a4b6b01bc60e5a8a72177f42f5b0144dd3a2bf03527b40440fbea8e9b6fc0eeb58dbc3b811993e5bb19acf751b5b924070f2f36b6e281b2ce2bd15333d9cecd465a04593bd4424118fb56aca74f3c8dadeab18a6e0e7d767c3937eb0e2caedb9e24bcc8c910df84233487f3a63c85e2292883ef8bceef3c0215f9cb0e5dcad9ccc643d7f76fd1a6262d991af6fdb32b7162682ef7eb863cb4d906105ae5fc53fe7f1f9772361561963f6b2ba8b34fc0673c31ab882cc08d7665c4cdc96436947d2c8240b487fc398e862aef83de6d7443ebb6ec911d4110c9e59a407dee71e5e8d350503d1bda0bb6ac99e209288609ce36ae653dc2c749cd96d683939903884026aa8e0f3a8026caf90ec357c2444f84888f09110e12321c24742848f84081f09113e12227c2444f8284bbcdd6bb0144f410449f97b936c05549d878a886ec8024fb66b72bcc390266cfa48082998c696ff1f285d57b1299ccb9627fd3d1444500e3805bdf4856e539a6bc31b424f29d7e4ec4113c2b0b7c5e7266fbb5cecfb185107bde68d7e0342b0292da9300941f07312f2c1802967fba2f5d528ec7b221e6fd3b1d286d245e380bac6331913eadaf6a616cf35b4e895281771eed78c38f03c74d3da808a4725ec0fa8ded761fefcb905ae32d86962f29ad4fb62523d6675f6a0215fdc706439a6d0138b3643c9fa3a22b55404f4f9475bb67e746f5a5322721ecc0e6c265d80e24d9d94cad9d4aac88f63163e0f3798327093de747cab88bc321b686a9288e7ba75f9f85153daeb77a62451a27badcf90b70f878d91932a8cf6479ab5756be0affe9e74e4f2f4e640c8a15e7c60cb8d8058dc80e7f483483de6602389b8841b2f15747829e87ef888a9fcb61c7440b77cf788a9da0466e01636b440b60cd70a54f2a69a8d5990a4fbd03ad72294740e955a6870c48df87eecd812f58b21c8f3ee2d4b3578f2e64976bb11843e1cd0e53fe4ed8b13106297b7ee52d14c9f68d3e4851efa7b7864d434bf1bb5e5dfc9cd2b9d0a08c8b613dd4e20da52a21ad3ea26fed7320d225d78b66a524b69940c96c3f3ae7c356cc95b30e3f6ba8d41919041f42ffb9b5c195fd6e52acc95b27d70a0bce6204cf318ace7682bbae72c800a566705cbc876df5f451ac8c51075c951b8d01bfdde1883cfe0a2bd37a0c96f88297fe319a57ace2589a0dfde02199f5ecbc95b78d05104b8e082b6c052f87a0293e5b594f7d9b760f94bb38c0aaecacc9741f26d4b99f34ec0630aefc35d1b6a8afb401bc6f7261652135bfe446f26ca3262a54f9e83380737196835e4cc013677f54dab4b9fe7432515ed94742106e14b70833f271c5958db1909ecbdb0e31e2481cfa01bb1a0ca8f91ffd12dc7e1c6638bc59f19bbc45e413efe77d2969179cf2d8ea1414c538c1395f968367bd80c22018c2b95403f5c2253bf117579d72b7053ba744fa3c02d0d953d0856a58771fd8e89c88313fa75dc96cb538e3a05c31e298f0ca40b5c81519c8d60e67b12701383e359884ab6ffd93d0b669f917947be1db1d48ef4ca34ad4fe4f401637db1ba1569c517a1ac4d172733835d1e5f7ca081b6fe1998de4bbdc6ba398e2e38f2e54d4b96725215f03185fb092e92e5076cc62c8e8fd3ce5f962a914b2bb2d7a04faedae11c9eb3bd57b5c0672d5be1a308cc5274d71a3f5eb1e71ac8c0e8d1469be34329cce431bae0aab2bbce9f2d0bb68f1e3355462211998670237b783e3a363dd4444c409061e177a263a37e60f1d75a24734d801c960251a8d836bcf0112a40ed70c7ba5579cc553e7fc79261c4a3528773a611a4bf876053ea145fc588603c083e86e6aaef9088c68083bbea199b27c2b319e76edaea200b63068b355e953f94c2edfae7d72d15bc4ba162aeb1647941d3f05328ebfe1ad8ebeab645330f3c9c96aedd78cf8dd96284b6c020f8cda877d6935b6fea116bb697baef2cbab10eb7568c8849f86b0e83adf5fd81257637ea8c85d9ed13c13b1ceb0897f3cb3929794085aec19831b1525eaaaa986b503d9e5ad91828e770aacb284bcca132f55467f88b34ed6a1e5bae68b064b5199430b82b3c99d99eb2c5b0f00a64b68ec0895d6a101464aa898a8ab754884603b99ac1f2f40153f521cc1881936ad4298836740b3370a28ff99fe9af9aa8681dc112f72768875c4d9a37518727bc7ec850fb923f10d9e7e1422b05418fc1ad0dc5102da12f1d56952641c0f931bba428530954bca01a5d74208288bc084bc8ef05b8317aba539723d00e46165cb51d2619fc3595674e9ee571536dd86c58b65fb86f87624fb55095caf29771cae8969cc1262c1dd00a28e20ce275dcd53d454af3c828566fb0f8a1843734b33b07b4ab420403267507a6bc5761eeed057faaa06b52b2d81a8355d1c56eccedde29f5aaed35b8e0576628c2b8aa6fc99d2009890a9a4c8dac45f8d73d971e384acfdc4d547dd3454de07b98784bca5601938a52a6ce6be973aa2c83275648822377510552bfd85d0a3ceccaee93139bcd7a95e155a972f82f13c989191f09113e12227c2444f84888f0f13fd009751bc656ac960000000049454e44ae426082),
(16, '', '', 0x89504e470d0a1a0a0000000d494844520000001b0000001b08060000008dd4f455000000097048597300000b1300000b1301009a9c18000000017352474200aece1ce90000000467414d410000b18f0bfc61050000037a494441547801dd56c94f136114ff4df7760a2d85b0a828286e8081444020018c1b07634412f13f20c4684cd470f1eac510130f6af4e4819b261a373613a20717d40412a265c710a50885422965bafbbe198a4c1714881cfc5dbe99f996df7bdf7beff7862bba3718c22641814dc4a692a9569b34a8391466e891c6abe00f86607305609d14b0e00b2259afc481341d4c3472148809971f5fa704383dc1b59169941c6a734d6828b280d7c89d17fc21747d77a3328b0717b1cf1308e14ed7341e5be7e0f147a7021799208ca8a93a1de5993ce6c8cad601278666bc5011e70eb31627f72420512b19f0d4ea84d52e90d7c02e8b66694e89f7636e5cedb0c11b08adeed999fd892251ef4f0157da6d702c0664f3f73f4de37c890575f9666c37ab71eb831d2eaf74750fba1db8599d81b2ed069cde9788475fe6647b657764a42bbb7028058b646ae3ab68220616afa6b77634f738909da4412affdb5eb6beb16342bcea86620b742a2e3e595eaa4e5cd03ae8827d219a68256e7f9c41ddc3318c38bcb2ef76b79ff63bc5eb2c4cd7c727cb4890acecb77bf0270443a1989e33f4d9bdb2f3629285c319daa0a684f70723ce9191093e6996d770d808c2fbe7bd81f8643f9c3e71cc34a9b111649935e23849851e976c68c603377957b5838756b93eef589d1ea6826745cdea332e194bd9162ae264830a477719b11e5490a1269d122d949142848a4409f1f3fe7931d36aa82823c17cada1a2bf713c5d1cb918ce9fcb378109c7135297484429c8e0b4070394ba055423acc8c3eac0509565c4b5ca54e9399b875308a273d4b53ccfd617a4eb304ce1b04e45974f94673ecad75e52760559bd37592b9bab23ab19aebf998492dc3a9b27f73e87f45141df7b2604c442cc7e36e290acda99ac59fec632740f918f92623ceb77626ac18fddf49e442d66e51a71ff8ce7efc97a27a4c52be52637454b8157e0f3b85b2cdaf661979808a55b0dcb6b8ab748cfddb63578d64f711b9bf5a16c9b01694629ac277212c4b16d508ad16b8a15233db694b516f2f0c84e23c6e6bc188ed0cb30e276eab6e179d41fb4e052690a05dc8b0aaa1d26ba7d4bbac912e01b1dcc9a683d35d96c2a642d89f80bcae678e0e2fd5da9a9389b6b33c5a6c8303eefc3e5369b481c468e458bbba7b6204927c58d1972f1e5386685c0dac81878b50225dbf4d0d3f88eba6fac43cc44544ecd92fda3748e2c88e39a3dfb17f87fff1b7f015d5361b25e9f95130000000049454e44ae426082),
(17, 'qweqe', 'asdasd', 0x89504e470d0a1a0a0000000d494844520000006400000064080600000070e29554000000097048597300000b1300000b1301009a9c18000000017352474200aece1ce90000000467414d410000b18f0bfc610500000d88494441547801ed9d0b7054d519c7bfefdcdd84047923158df2c82e52c007240b05a7adf8a88a3a5aadd4b195978584872fc68a5aed306a5b5ba7f80cd9006d47a80fa4a8334e6d41ac2843a979e8401125d9084a29d24207540249f69eafdf49580d70eecdde9bbbbb77717f3390e49eb37777cfff9cf37de73b8f0b9023478e1c3972e4c891c37b107c4ae9e2ed4351880984341c080781a4c1247008822c24c20244eca6f2119109880790e000ffb95b0a8809804602da2c8358fdde8cf07f218bf08d20e756c60604515ec7bf7e0f408e47304e030f20808f50e25a14f49ac4c237eacace68021f9351412ef8dd873d5a5a02379a0093b9e64fe45a6f402a31e91018f83221aca8db135a070b5182cfc88820918a1da791889773b7722b8bd01732806a39fc6309a088d695151f049f9056412215b133cd80f90b21c58dfcce41f0012ccc7e01f848a029bf62d3fc330f4386498b20e72edfdc3dd854783712ddc506b8107c0849f89740b8a76676f859c820291724128d5d2e8196f11b9d010ee1da1be71fff24945b0d69ece42e6e2777fabb85214d36d42da6148704520ff6be7ab39735805f31542284300e63d81a0d011748c275868419357343bb20030420458c5fb4aba0b5fb91df909473d94e242d3c8bf73e02ae66d7f6ad23f248f5b6b9a3be001794546def0f2026b2aa97b26f7c7db2b68a5b4973a0397f1f648894b4903115f5df4403ffc4371f914c7e1e4bec15289682a0176a6685df078f093dd990df3b0faee6af3b8d485e6ee5cd11c8170ff76dbd79dbe4512d90213c17a4a42a3611c95ccd75ad4f6779556b10848b0eb4c2b3b1dbc2cd90064aaab60d647fe2a75cfa73f8cffc2f3f0bc2ef8bfb8466ad9a8c2664104f056131a6a224762521cf3623c13e447a7870dff0d3992a00e5f19121ef27c019826069cdded03c3f8c4b3c13a4241abb15493e0136f642853910c4a2fcbcf8431b6f19fe39f88092aac6b3781cf28993d7a8a842be81836a6615d780c7782248245a3f9d3da2657c3b619989e813b62b53d846bc0559ccd110cf1bdcae87b0259a54533eec6df0902e0b128936fc98ddd1676cc590f8121938c34f23623728310228ffc603c991ea6fae849fb17770797579781378449704191b6d182f09d6dbd90c247cb2666ff19d7e8c1b39e1cb960138ea98048e8f79d9525c0b32faa90f4f3702815a2ef181fa1cc48e0bde5a531e5e0c59cef12de378544b11425ce2854d11e082112f6ecdc300aeb21483ad377fc8b95f073114dc65ef6a36e963f000578274dfdfed7e1ec84db0c9724f5df9b0286439896eca4e0c56e343c4f8a55b6687fe031ee0b8cb6237f11c94b2d6d26e203c565b169e0f598ea5cde8088b41a2f5a2bab2117bc0239cb5908524409a5536467c63539fe67b20cbc994180a47c1c59281b132f69ac66b1309f71801717d26e3405e90b01968d34da9904f1cc4455bca4678d24d7524e91672e11f76740313eeb3b9d1dc77660edd0b594c266cc6f1242dc8e72de65c1efa156913095655cf0ebd0c594c26bba98e2425889af11324efd626f2c0883fe4ed90c574e8a62cc550dd540be077532986222941f20f75bf89a3a203f477c02752fd2153891fbaa98e242508d78e59da04a283c160f36f214bf14b37d5914ebdacd2ca86d1ece696ea53b162d34f46fd0fb2904c7b5356882472ccd02790344d63096421c98443dac42016230ddd54473a158408afd25d97846bde9b37d493f84d3a49b5182ace575a597f3db8c45690b6c50a4083b52fe43968c832522d865a69d36d7ffe2bc4e1237089ad203cc377853681a09550bc0e5944aabda911155b4f692d38fc2a57d42bd82e9da92a33b8c05e10c08bb4d7113664d3ec5faac719639ffea05f81c87f930be6e2c4350cc0a5e0025b2f8be3fce7ebc2c184f457c81252dd4da9654571325ee79a7dccfdb9ec4ac105968228d5a5d5f24f899eafb64805e9f0a69082b7e37162b45fc7d1e002cb2ecb0c06cfb54ae3c1e016f039e9726dd9e9d96e9132bc2d20eb101b1b42c3b55779bad2ef83c1748e3324c236dd756e3581a656791638c452104170aafe8d28062e51053536dae8aa6f75f21ee91cf4059af103685b4270222691e315ff968290a4fefa04e16a6578a2a02499eb4a2bb78f8514908911f83bb7853fe36aba5f9726249d0e0eb1eeb284d00ac24dd1b120c71414622fbecb1aaf5b4a26c32184a8df32811695da064b4124516fdd7512e4c87e680b0ab137b794d7234b1a23e001998f4d9176672f75b6e85c83b50dc1aeaf341cbf6c6b5fcb826251c834d77655143f040ad9841cd2a7a0e37d94765e56abf6b21449ab5ed473e4418370b36586a3a2b8b5297e89dab203a4dddbc21ea9e36dde36abd5412f088f842049d4de8fc1fd425390d4626c0b5814fe6f6d4955fd3870809f66faa400abcd498ec34bd63644c823baeb3c95db1b1cd02e4af816fe75b9652636f4dc41ae4956143fcd812b90c0ca783b76802c0531a4d8adbb8e600e028728516a3f0d4defa4a5b489326671c3b7eceee5b739703561c49fbd9f2e89bf8fe37356acc721403bf5d70d57db8dd57604d55224ca1596795814c1814bab96e2b796a1882c6e2c42cb98207ad74224e04e7d0a15a95dade002d5528afb0c9bde9928ba96e2d7695753c8f3b409ec7ae5e7998ea31a9682040cb143775dd586be7930065c9210857ffda36526258af84a145fcf810bd4066179b0b8c3cd3e4a4b41aaff3d34c62a1fd0a59988765b113a458932a46f681ad888c2c2f754a294461baef1ab186d9858a24fa0cde0026bb797fb7ceeb6f47be7485e005d245951f8c72b7e15a3a4aa36c8965b3fab4ae86a8ac27e0a5790852078899ad0872e9210c5d6a6d8914e6f4a83c05e13dac7515ad6839b7bda25a2c40ddaeb083d5aba375f061e90b0291cbf76740a4fbabd291d64e295daeb009f9138b8115c602bc8907ea10d3cffa1ad7d1c5abe013c428932b46f686ad22d25c32d4371e1c237038474932e8dbbdab57565a5ade0025b41544191142fe9d2789c72ad9a77078f48b4141ef53e6797cf0f2d43f1c580a24956474e71257e0d5cd2f9ca45035ed4262016ca60a00c3ce4abd8975e948c7a53c72350bf00dda443a2055783dbdb769661689fe2b7d5b118da4489f3d4d249f0908428acf8f3c7bc958fc4882ca93f9f3dcd49ba3419c095edb388eee85410554088e2296d22d2c0c2fddd6681c7b47b5fc5372744f155cb60a4c4872c0fd93161297481e4f687202ee5697ceda8930ddb423511051e931085bbaf47fc244664496c022b71953e55d6bd3b27fc0fe80249ef532fad6a58c496fc4eed4dd47926b34359bdad2d19da0682d4ab860b4d1fbf0271656d79b16b83de76876433b6487c44ed98d2a549a439ea201a38d9a19e0bacc49024ffde553114490ba2ba0c122c8a06157094042bd449d570921259d230927b889f59a5a330ee070f707492438fbcc0e364c20efd2782e296160be39fe5945435f692717829f100801390b0b2ae2cf42678802341d64f1f72441860692b38e43c35128ddd0527130bb95f30e50a8e3c0fd325ab93b18da0e199fd747c1a504d79f855fe18967b0b09e4af23d1faebe024a17440ec512ea5abadd279f672be972758b83a9ea9a5f0f07c9250af4f452139a45e5a59ef6ac38a9f8854c61ee412b23cd94822acae2d0f2d070f7125c89629e71d3284f811cf526a57a670ad29e081d3ab9168c3d590a5f0bcfe033cc67ac02a9dbbaa6d0501733a784c97ce5c647bf14322f9bce5a8b57d6dd72db5b3c3eee63b32c0d1b146057fa199969994fb4f725ced9ce1dbc163bc3895f45eae2dbfb4cb43804ff4f874d75deb174e8c838f511187d678fe0bfcab75774bd0c2f5ef9a9af2504ab6f579736e6f65c36242986d9b89e06dd334a6f8756f7b24da78b104f98cdd531cd4d31a0cc2c9a93cf9c89b93ad8990bfd0e3dce7ded649ce2fd837beb7766ff162bf1c1babb6331706f21fe4a1f61d60fb1407925ce96eae2b1bf61ca4104fcf7e2f8d36a891fc82cef2b133b089ff2d7877ced91b2053f0f8a2f41bb1695c040f5b1f75db0e4fc61d66b1a6d6958557418af1fce9081c84bc8323c38f621207dbf0ccda1a16e6e7b5b3cfae8634a18c3652cf1fb05d5b601d24fc0af5280dee00aeed6a14375952f2fc90d2ca860b1169a5e5195b2752cdfdf392c366f34ab70f70e98cf195dbcf681578138739e6716d4f6a33267fa6cd86617ebf7ae6f01d902652f6c8a3714b1b8a4c1394c792f41a2e35e74202d6f2c8f23512ad7fe9d2bcb9b26b4b6323d8365cc215e306be30def67cfa635fcbbd143e76200ef7a5ebb926095226481bdc4f979cd63897bb26e5169fe2e8b5aa5004344ac0cd06c11635109352eee582da4705b82f7e24afcd85ce33e23dd06c2d40112c622f69b0001ccc7947f3d4dd84641e2a73c2db02ece658c3b4da5967af830c905a418e32fae98f06190159c15ff74af029ca70f344db634db2f957a9ea3693212d8224e0a0e3779457c3b5f0dbe01b382a277195298d057e1823a5559004632a1b2e3310eee65e69223878829b97b4b50814cb05e2a2ea59c5f5e01332521809c6451bc326d14c4439d58147d645680b073f5f88e7c1323f3e493aa38224681b1bc85eec8de124427985ed29a14ee10027b7c13a09f4679472552a02825ee20b418ee7a8cb5cc2ddca392c8e1abc8d649fab482df2b67d21e11e1eff7c6c22ed34dab603d0c64053418d1f9e719b2cbe14c40ab595eed4a0ec6f22f48f4b23c0f6b84920358b2011c7a3f6a82966c89123478e1c3972e4c89123478e1c3972e4c89123475af83f964674e52a997e420000000049454e44ae426082),
(18, 'asd-.@asdf.com', 'asdf', 0x89504e470d0a1a0a0000000d4948445200000042000000420806000000e35400e8000000097048597300000b1300000b1301009a9c18000000017352474200aece1ce90000000467414d410000b18f0bfc61050000050c494441547801ed9b5b6f1b4514c7ff33bb8e1d3b37e7da5ceca4a91aaa10154ac503a8088922848017be149f8617be001721f180b8430522b4542469aa244de2c44d1cc73bcb396b5b054ad25d7bcea42bf92f4579c87a3cf3db33e79c3973a23efafa24444fd0e829520f444b3d102df540b4e4e382e529a09051d1efa346887a005c84f7760aa28fec6fb2a0501e50981b54982e78e8a719a87f3c530b42fc7510e2de81c1afbb06b5069cc809089f565aec577873c6c32c41c867d499cfe6c834968a0a578635e6070dbe580f70500f11089b8913100bb4a877ca1e86b32af6673cb29e6b458d912c709f2ce4ee7e888daa81818c4441685af71c59c0dba56410da52f491e982a61f60650cf8e991c1370f83c897589f2b043598016e977c1473c9213c35561ff0fab4c65b0455773fdc531205511ed298ccdb9b358fb448dbac3c687fda622078d2d7c7b5f5b757202b5b1e53c87ab02a31109c1b8c66056c987429af51f0ed8e2d06622c479ed8f25b7b32b68a2cc3a6c44070aee02b198bf069d6fd69b1880c8f2cc321926f79e6a93d7419cba984188806a78042693143a859ceb9c5401c53f6d7086548f0d82701ac4a0cc4119d1a8538a07a8ae8b86e536220f66af6df5a5b3bc7215905ac4a0c449d7c041f9f6d8b47dc25c8a9f111ac878fed8338252bdba4715313355846c047f0987581a284188871aa482d8fda1f3e47159497c75554e2b3293910741ee8cfc8a4965354acc9a725c5e62292110a9f81b11f9a05c3a7a182ab0c895d1a3b3551e3518dbc7bd53e08b6b2d54a18256c36255abcfd6c2388aad1f3545ab37122afd17efb713bc41ffbf6c38668f8dc3e0af1f16a03150b89158ff0ed96c1e71b0debe9354bfc187e6a9a9960b732a699b64b396027f5883b741fd1ed020e4f43fc792075bde308c483c706fb5d36e6f0187cea949213107b1441bedfee7c637384f86e4bf6f2d309085ec2cfdb86426af2c5f096e25bf1cdaadcb66039ab591e93417c72af81c3841164edd0e0d3b5061ab206e1b6785b0f92176b387768c81a4324b755ec0edeaaabee19a72034a59749ef42b5e0ddc8bfbe070ec56976d285651c91700a824b089984f7a17cebad1cb0700a62715821ef255bd54856a334204fc20908b684129d405fbde4257ebb593a1fdf9af131d62f0b431c042fe4c6a4c68757bc8eca6b6c40f3430a1f5cf6b130a4e00bf110a947e8962f982d28dc9cf0501ed6518f65379ace2bbc4f30ee560ca5db7476a12cd56635db2a087e59dc38766d446371446176c05eeb106fa9a13e851b04f6c5510feb9472f3a996c1d8b8f5b20282fc1995ef355e9954514f25b7f5487afa3eafdd54a6e836cdc36f7b06bfec18544ec28e53f1ae407033c80b458de5311d95e37cb7792a7d9fc2688edb0e3db2148ddff7a894b713e001d54a93f2e808846e45815b331a3305f700fe4fdc4a747d42e16a5161956a9a5fae07a826b8914f0c82131cdea7af4d6bba757294ffc614cf8623d34be35ed479f7d566405612af3a9608449e9e7e77a119c6b2def305e1bf9aa228f3de652f7a7177c87f3ccb77c4366a36ff9b531e96c8273cef10dacad21e7e8392b1b918d709b141acd0852e3ba474207822eee1be5df230d277fecc6381c89179add0be2b64d286a129ee07bf5a3c7fa9b1404c90e3991d482784b69628c93baf493516084e5c74ba3944196f317bf6df638118cda59c029ad9e879ff42152b7cfeb015e07ec5410555585b4767c7d05820d628655dabba2aa35e8c52db8b6d5b3d102df540b4d403d1520f444b7f03f121687e14efc05d0000000049454e44ae426082),
(19, 'wqe-@gmail.com', 'asd', ''),
(20, 'qwe-@gmail.com', '123', ''),
(21, 'try-@gmail.com', 'asd', ''),
(22, 'yow-@gmail.com', 'asdf', ''),
(23, 'dg-@gmail.com', 'asd', ''),
(24, 'ad@gmail.com', 'asd', ''),
(25, 'asdasd-@gmail.com', 'asd', '');

-- --------------------------------------------------------

--
-- Table structure for table `patient`
--

CREATE TABLE `patient` (
  `id` bigint(255) NOT NULL,
  `firstName` varchar(500) NOT NULL,
  `middleName` varchar(500) NOT NULL,
  `lastName` varchar(500) NOT NULL,
  `birthdate` date NOT NULL,
  `sex` varchar(6) NOT NULL,
  `contactNumber` int(9) NOT NULL,
  `email` varchar(200) NOT NULL,
  `address` varchar(500) NOT NULL,
  `doctorid` int(200) NOT NULL,
  `lastDiagnosis` varchar(200) NOT NULL
) ENGINE=InnoDB DEFAULT CHARSET=utf8mb4;

--
-- Dumping data for table `patient`
--

INSERT INTO `patient` (`id`, `firstName`, `middleName`, `lastName`, `birthdate`, `sex`, `contactNumber`, `email`, `address`, `doctorid`, `lastDiagnosis`) VALUES
(1, 'Christians', 'Job', 'Trio', '2002-12-18', 'Male', 2147483647, 'christianjobtrio@gmail.com', 'yeyssssssssssssssssssssssssssssssssssssssssssssssssssssssssssssssssssssssssssss', 1, 'Gingivitis'),
(3, '', '', '', '0000-00-00', '', 0, '', '', 3, '');

-- --------------------------------------------------------

--
-- Table structure for table `prescription`
--

CREATE TABLE `prescription` (
  `prescriptionID` int(200) NOT NULL,
  `prescriptionName` varchar(500) NOT NULL,
  `prescriptionDate` varchar(200) NOT NULL,
  `patientid` int(200) NOT NULL
) ENGINE=InnoDB DEFAULT CHARSET=utf8mb4;

--
-- Dumping data for table `prescription`
--

INSERT INTO `prescription` (`prescriptionID`, `prescriptionName`, `prescriptionDate`, `patientid`) VALUES
(1, 'qwed', '2024-11-26', 1),
(2, 'wee', '2024-11-26', 1),
(3, 'weeaa', '2024-11-26', 1),
(4, 'qeqeq', '2024-11-26', 1),
(6, 'wee', '2024-11-27', 1),
(7, 'asdqwe', '2024-11-12', 1),
(8, 'wata', '2024-11-27', 3);

-- --------------------------------------------------------

--
-- Table structure for table `teeth`
--

CREATE TABLE `teeth` (
  `id` int(200) NOT NULL,
  `patientid` int(200) NOT NULL,
  `tooth_number` int(200) NOT NULL,
  `issue` varchar(200) NOT NULL,
  `date` varchar(200) NOT NULL,
  `other` int(11) NOT NULL
) ENGINE=InnoDB DEFAULT CHARSET=utf8mb4;

--
-- Dumping data for table `teeth`
--

INSERT INTO `teeth` (`id`, `patientid`, `tooth_number`, `issue`, `date`, `other`) VALUES
(1, 1, 1, 'missing', '2024-11-26', 0),
(0, 1, 2, 'decay', '2024-11-26', 0),
(0, 1, 7, 'decay', '2024-11-26', 0),
(0, 1, 5, 'missing', '2024-11-27', 0),
(0, 2, 3, 'decay', '2024-11-26', 0),
(0, 1, 10, 'filled', '2024-11-27', 0),
(0, 1, 1, 'decay', '2024-11-27', 0),
(0, 1, 2, 'missing', '2024-11-27', 0),
(0, 1, 32, 'decay', '2024-11-27', 0),
(0, 1, 17, 'missing', '2024-11-27', 0),
(0, 1, 16, 'decay', '2024-11-27', 0),
(0, 1, 17, 'none', '2024-11-27', 0),
(0, 1, 5, 'decay', '2024-11-27', 0),
(0, 1, 18, 'decay', '2024-11-27', 0),
(0, 1, 23, 'decay', '2024-11-27', 0),
(0, 1, 19, 'decay', '2024-11-27', 0),
(0, 3, 31, 'decay', '2024-11-27', 0),
(0, 3, 2, 'decay', '2024-11-27', 0),
(0, 3, 4, 'other', '2024-11-27', 0),
(0, 3, 29, 'other', '2024-11-27', 0);

-- --------------------------------------------------------

--
-- Table structure for table `teethnote`
--

CREATE TABLE `teethnote` (
  `patientid` int(200) NOT NULL,
  `note` varchar(200) NOT NULL
) ENGINE=InnoDB DEFAULT CHARSET=utf8mb4;

--
-- Dumping data for table `teethnote`
--

INSERT INTO `teethnote` (`patientid`, `note`) VALUES
(1, 'qq'),
(3, '123123');

-- --------------------------------------------------------

--
-- Table structure for table `treatment`
--

CREATE TABLE `treatment` (
  `treatmentID` int(200) NOT NULL,
  `treatmentName` varchar(500) NOT NULL,
  `treatmentDate` varchar(200) NOT NULL,
  `patientid` int(200) NOT NULL
) ENGINE=InnoDB DEFAULT CHARSET=utf8mb4;

--
-- Dumping data for table `treatment`
--

INSERT INTO `treatment` (`treatmentID`, `treatmentName`, `treatmentDate`, `patientid`) VALUES
(1, 'sdgsdgsdgsd', '', 1),
(3, 'thanks', '2024-11-26', 0),
(4, 'dfdf', '2024-11-26', 0),
(5, 'asas', '2024-11-27', 0),
(6, 'qweqwe', '2024-11-27', 3);

--
-- Indexes for dumped tables
--

--
-- Indexes for table `bookings`
--
ALTER TABLE `bookings`
  ADD PRIMARY KEY (`booking_id`),
  ADD KEY `doctor_id` (`doctor_id`);

--
-- Indexes for table `diagnosis`
--
ALTER TABLE `diagnosis`
  ADD PRIMARY KEY (`diagnosis_id`);

--
-- Indexes for table `doctors`
--
ALTER TABLE `doctors`
  ADD PRIMARY KEY (`doctor_id`);

--
-- Indexes for table `doctor_availability`
--
ALTER TABLE `doctor_availability`
  ADD PRIMARY KEY (`availability_id`),
  ADD KEY `doctor_id` (`doctor_id`);

--
-- Indexes for table `login`
--
ALTER TABLE `login`
  ADD PRIMARY KEY (`id`);

--
-- Indexes for table `patient`
--
ALTER TABLE `patient`
  ADD PRIMARY KEY (`id`);

--
-- Indexes for table `prescription`
--
ALTER TABLE `prescription`
  ADD PRIMARY KEY (`prescriptionID`);

--
-- Indexes for table `treatment`
--
ALTER TABLE `treatment`
  ADD PRIMARY KEY (`treatmentID`);

--
-- AUTO_INCREMENT for dumped tables
--

--
-- AUTO_INCREMENT for table `bookings`
--
ALTER TABLE `bookings`
  MODIFY `booking_id` int(11) NOT NULL AUTO_INCREMENT, AUTO_INCREMENT=109;

--
-- AUTO_INCREMENT for table `diagnosis`
--
ALTER TABLE `diagnosis`
  MODIFY `diagnosis_id` int(11) NOT NULL AUTO_INCREMENT, AUTO_INCREMENT=36;

--
-- AUTO_INCREMENT for table `doctors`
--
ALTER TABLE `doctors`
  MODIFY `doctor_id` int(11) NOT NULL AUTO_INCREMENT, AUTO_INCREMENT=19;

--
-- AUTO_INCREMENT for table `doctor_availability`
--
ALTER TABLE `doctor_availability`
  MODIFY `availability_id` int(11) NOT NULL AUTO_INCREMENT, AUTO_INCREMENT=5;

--
-- AUTO_INCREMENT for table `login`
--
ALTER TABLE `login`
  MODIFY `id` int(50) NOT NULL AUTO_INCREMENT, AUTO_INCREMENT=26;

--
-- AUTO_INCREMENT for table `patient`
--
ALTER TABLE `patient`
  MODIFY `id` bigint(255) NOT NULL AUTO_INCREMENT, AUTO_INCREMENT=4;

--
-- AUTO_INCREMENT for table `prescription`
--
ALTER TABLE `prescription`
  MODIFY `prescriptionID` int(200) NOT NULL AUTO_INCREMENT, AUTO_INCREMENT=9;

--
-- AUTO_INCREMENT for table `treatment`
--
ALTER TABLE `treatment`
  MODIFY `treatmentID` int(200) NOT NULL AUTO_INCREMENT, AUTO_INCREMENT=7;

--
-- Constraints for dumped tables
--

--
-- Constraints for table `bookings`
--
ALTER TABLE `bookings`
  ADD CONSTRAINT `bookings_ibfk_1` FOREIGN KEY (`doctor_id`) REFERENCES `doctors` (`doctor_id`);

--
-- Constraints for table `doctor_availability`
--
ALTER TABLE `doctor_availability`
  ADD CONSTRAINT `doctor_availability_ibfk_1` FOREIGN KEY (`doctor_id`) REFERENCES `doctors` (`doctor_id`);
COMMIT;

/*!40101 SET CHARACTER_SET_CLIENT=@OLD_CHARACTER_SET_CLIENT */;
/*!40101 SET CHARACTER_SET_RESULTS=@OLD_CHARACTER_SET_RESULTS */;
/*!40101 SET COLLATION_CONNECTION=@OLD_COLLATION_CONNECTION */;
